"","mun","API2004","API2022","ratio","perc_change","increase","ind","uf","zero","UF"
"1",110000,0,0,NA,0,0,1,11,0,"11"
"2",110001,2.68956242888176,0.139567341242149,0.0518922110687638,-94.8107788931236,0,1,11,0,"11"
"3",110002,51.587438579533,5.31843483110097,0.103095539874527,-89.6904460125473,0,1,11,0,"11"
"4",110003,1.34752728742757,0.559388402013798,0.41512213313444,-58.487786686556,0,1,11,0,"11"
"5",110004,1.68810604970098,0.0805569940733069,0.0477203396596891,-95.2279660340311,0,1,11,0,"11"
"6",110005,0.406574896904223,0,0,-100,0,1,11,1,"11"
"7",110006,0.272494413864516,0,0,-100,0,1,11,1,"11"
"8",110007,7.863138880034,0.265992818193909,0.0338278163786875,-96.6172183621313,0,1,11,0,"11"
"9",110008,118.06325121473,9.26585887384177,0.0784821591689804,-92.151784083102,0,1,11,0,"11"
"10",110009,40.2090288866309,5.47674932816274,0.13620695350799,-86.379304649201,0,1,11,0,"11"
"11",110010,41.283422459893,40.1411669121008,0.972331374684306,-2.76686253156942,0,1,11,0,"11"
"12",110011,2.91617767345923,0.0395327232116384,0.0135563493169276,-98.6443650683072,0,1,11,0,"11"
"13",110012,1.72777038284218,0.0402145850256971,0.0232754221423475,-97.6724577857652,0,1,11,0,"11"
"14",110013,326.890699710418,17.4227374865666,0.0532983578364292,-94.6701642163571,0,1,11,0,"11"
"15",110014,12.5534633116703,0.446457044454366,0.0355644520854511,-96.4435547914549,0,1,11,0,"11"
"16",110015,2.03755983797717,0.0570711106038124,0.028009538439112,-97.1990461560888,0,1,11,0,"11"
"17",110018,2.48281130634072,0.0857191839533688,0.0345250497830645,-96.5474950216935,0,1,11,0,"11"
"18",110020,90.9830814631226,17.9491022190946,0.197279559347193,-80.2720440652807,0,1,11,0,"11"
"19",110025,1.30362645176582,0,0,-100,0,1,11,1,"11"
"20",110026,157.967795669073,25.6410256410256,0.162318056869902,-83.7681943130098,0,1,11,0,"11"
"21",110028,0.661296140435253,0.0177286104315144,0.0268088823561646,-97.3191117643835,0,1,11,0,"11"
"22",110029,0.361402240693892,0,0,-100,0,1,11,1,"11"
"23",110030,0.486433077449267,0.34435261707989,0.707913653581267,-29.2086346418733,0,1,11,0,"11"
"24",110032,10.1651434984768,0.0924428010168708,0.00909409700224327,-99.0905902997757,0,1,11,0,"11"
"25",110033,336.153051689372,17.4500864643924,0.0519111350520103,-94.808886494799,0,1,11,0,"11"
"26",110034,5.78212147572021,0.0762369444232675,0.0131849434058754,-98.6815056594125,0,1,11,0,"11"
"27",110037,4.27212117289145,0.348462409617562,0.0815666025179049,-91.8433397482095,0,1,11,0,"11"
"28",110040,326.284537081919,9.92647058823529,0.0304227429133213,-96.9577257086679,0,1,11,0,"11"
"29",110045,177.083821393431,0.535867390683052,0.00302606633664463,-99.6973933663355,0,1,11,0,"11"
"30",110050,0.464576074332172,0,0,-100,0,1,11,1,"11"
"31",110060,39.714494875549,1.20481927710843,0.0303370162678363,-96.9662983732164,0,1,11,0,"11"
"32",110070,251.746748360744,1.80913613749435,0.00718633368365069,-99.2813666316349,0,1,11,0,"11"
"33",110080,396.008766870458,92.6791977695836,0.234033197047632,-76.5966802952368,0,1,11,0,"11"
"34",110090,13.1964809384164,1.54655119084442,0.117194212461766,-88.2805787538234,0,1,11,0,"11"
"35",110092,6.619527606439,0.107250107250107,0.0162020787020787,-98.3797921297921,0,1,11,0,"11"
"36",110094,543.052095743529,20.5880374083294,0.0379117170704239,-96.2088282929576,0,1,11,0,"11"
"37",110100,2.76934547584811,0.374953130858643,0.13539413342563,-86.4605866574371,0,1,11,0,"11"
"38",110110,776.423231742381,21.8943917574055,0.0281990425611969,-97.1800957438803,0,1,11,0,"11"
"39",110120,3.65321215361312,0,0,-100,0,1,11,1,"11"
"40",110130,1.48409893992933,1.94910665944775,1.31332663005646,31.3326630056462,1,1,11,0,"11"
"41",110140,73.959938366718,1.29892622099065,0.017562564946311,-98.2437435053689,0,1,11,0,"11"
"42",110143,0.944981100377992,0.161290322580645,0.170681003584229,-82.9318996415771,0,1,11,0,"11"
"43",110145,2.18408736349454,0,0,-100,0,1,11,1,"11"
"44",110146,9.1150778579567,0.463821892393321,0.0508851267779839,-94.9114873222016,0,1,11,0,"11"
"45",110147,1.82107898930116,0.325309043591412,0.178635328562134,-82.1364671437866,0,1,11,0,"11"
"46",110149,44.6590909090909,0.307012157681444,0.00687457248752343,-99.3125427512477,0,1,11,0,"11"
"47",110150,12.7027193685639,0.358070002685525,0.0281884525900542,-97.1811547409946,0,1,11,0,"11"
"48",110155,0.508992195453003,0,0,-100,0,1,11,1,"11"
"49",110160,23.1145251396648,0.862812769628991,0.0373277306981485,-96.2672269301851,0,1,11,0,"11"
"50",110170,4.05496733498536,0.0932400932400932,0.022994042994043,-97.7005957005957,0,1,11,0,"11"
"51",110175,124.030300264671,6.93374422187981,0.0559036316697109,-94.4096368330289,0,1,11,0,"11"
"52",110180,10.4396130638828,0.154344806297268,0.0147845332344016,-98.5215466765598,0,1,11,0,"11"
"53",120000,0,0,NA,0,0,1,12,0,"12"
"54",120001,145.01312335958,0.784537479495043,0.00541011365950428,-99.4589886340496,0,1,12,0,"12"
"55",120005,0.824402308326463,0.123456790123457,0.149753086419753,-85.0246913580247,0,1,12,0,"12"
"56",120010,5.1357733175915,0,0,-100,0,1,12,1,"12"
"57",120013,44.0292657434021,4.02570256251452,0.0914324255593059,-90.8567574440694,0,1,12,0,"12"
"58",120017,97.9799586448226,1.82832948421863,0.0186602393949392,-98.1339760605061,0,1,12,0,"12"
"59",120020,186.367963444818,33.0075744384468,0.177109701841111,-82.2890298158889,0,1,12,0,"12"
"60",120025,0.62402496099844,0,0,-100,0,1,12,1,"12"
"61",120030,1.59605745806849,0,0,-100,0,1,12,1,"12"
"62",120032,107.361963190184,0.216872695727608,0.00202001425163429,-99.7979985748366,0,1,12,0,"12"
"63",120033,157.199360430868,124.248704663212,0.790389377683594,-20.9610622316406,0,1,12,0,"12"
"64",120034,0.559284116331096,0,0,-100,0,1,12,1,"12"
"65",120035,9.29235167977127,1.22857310009946,0.132213366695318,-86.7786633304681,0,1,12,0,"12"
"66",120038,116.690728767811,13.0434782608696,0.111778188366817,-88.8221811633183,0,1,12,0,"12"
"67",120039,23.9463601532567,5.12342803912436,0.213954354913833,-78.6045645086167,0,1,12,0,"12"
"68",120040,5.5962975650338,0.145302613253792,0.0259640613397072,-97.4035938660293,0,1,12,0,"12"
"69",120042,290.895474483792,60.8515196144062,0.209186889972731,-79.0813110027269,0,1,12,0,"12"
"70",120043,0.3385240352065,0,0,-100,0,1,12,1,"12"
"71",120045,45.7529855761774,6.2928261781569,0.137539137586541,-86.2460862413459,0,1,12,0,"12"
"72",120050,2.56898192197907,0.0241843817262812,0.00941399451641537,-99.0586005483585,0,1,12,0,"12"
"73",120060,28.1790437436419,2.09368672924719,0.0742994243628155,-92.5700575637184,0,1,12,0,"12"
"74",120070,14.8237785509,0.0548155456887573,0.00369781196477933,-99.6302188035221,0,1,12,0,"12"
"75",120080,51.1437766373837,0.718864194572575,0.0140557510969403,-98.594424890306,0,1,12,0,"12"
"76",130000,0,0,NA,0,0,1,13,0,"13"
"77",130002,140.66551426102,77.3982100088239,0.550228749494373,-44.9771250505627,0,1,13,0,"13"
"78",130006,0.234604105571848,0.184859968573805,0.787965616045845,-21.2034383954155,0,1,13,0,"13"
"79",130008,17.0137870343209,0,0,-100,0,1,13,1,"13"
"80",130010,3.3003300330033,0,0,-100,0,1,13,1,"13"
"81",130014,50.0705616709004,34.3875623577275,0.686782037392495,-31.3217962607505,0,1,13,0,"13"
"82",130020,43.0009979134537,216.272691654695,5.02948075972511,402.948075972511,1,1,13,0,"13"
"83",130030,87.1381247299438,0.384781876773604,0.00441576953791592,-99.5584230462084,0,1,13,0,"13"
"84",130040,71.0835058661146,401.943603632308,5.65452700643898,465.452700643898,1,1,13,0,"13"
"85",130050,0.234879624192601,0.0321905681635281,0.137051343956221,-86.2948656043779,0,1,13,0,"13"
"86",130060,1.68350168350168,1.64683382915427,0.978219294517637,-2.17807054823628,0,1,13,0,"13"
"87",130063,47.5517890772128,0.820542523409596,0.0172557655418018,-98.2744234458198,0,1,13,0,"13"
"88",130068,3.447695930037,0.0840866092074837,0.0243892184559853,-97.5610781544015,0,1,13,0,"13"
"89",130070,116.191020466479,9.56357378621604,0.0823090609568677,-91.7690939043132,0,1,13,0,"13"
"90",130080,53.5010876594744,1.5730880929332,0.029402917991979,-97.0597082008021,0,1,13,0,"13"
"91",130083,91.6187345932621,0.371112595561493,0.00405061909236177,-99.5949380907638,0,1,13,0,"13"
"92",130090,252.706864011125,111.328472345723,0.440543919459274,-55.9456080540726,0,1,13,0,"13"
"93",130100,4.6112008828282,77.8651450838494,16.8860882582266,1588.60882582266,1,1,13,0,"13"
"94",130110,517.073934837093,1.16913484021824,0.00226105932140359,-99.7738940678596,0,1,13,0,"13"
"95",130115,26.6563761576823,0.152765047357165,0.00573090079662379,-99.4269099203376,0,1,13,0,"13"
"96",130120,29.3102592114411,27.8455515206537,0.950027473990552,-4.99725260094481,0,1,13,0,"13"
"97",130130,13.5413448666461,0,0,-100,0,1,13,1,"13"
"98",130140,9.04693969866732,86.4335242689177,9.55389636140164,855.389636140164,1,1,13,0,"13"
"99",130150,0.676081730769231,20.4236006051437,30.2087745839637,2920.87745839637,1,1,13,0,"13"
"100",130160,1.11881852763482,1.12094623323412,1.00190174326466,0.190174326465938,1,1,13,0,"13"
"101",130165,128.442685083804,156.134636264929,1.21559772876951,21.5597728769513,1,1,13,0,"13"
"102",130170,89.2278933137497,24.046073808571,0.269490547356289,-73.0509452643711,0,1,13,0,"13"
"103",130180,7.28696175850647,50.1007774258566,6.87540007567231,587.540007567231,1,1,13,0,"13"
"104",130185,204.107498512713,11.4439361893988,0.0560681810947087,-94.3931818905291,0,1,13,0,"13"
"105",130190,24.6222505578578,0.0675688719859457,0.00274421998213246,-99.7255780017868,0,1,13,0,"13"
"106",130195,5.93765462642256,97.101581786596,16.3535247325592,1535.35247325592,1,1,13,0,"13"
"107",130200,166.486745831834,10.431017516237,0.0626537413781467,-93.7346258621853,0,1,13,0,"13"
"108",130210,49.7604697882862,74.8475953939941,1.50415773228117,50.4157732281168,1,1,13,0,"13"
"109",130220,10.9394229454396,12.7536771550922,1.16584551293986,16.5845512939862,1,1,13,0,"13"
"110",130230,48.730031030916,72.1039249960273,1.47966097026046,47.9660970260457,1,1,13,0,"13"
"111",130240,191.879187178443,71.5102974828375,0.372683971275814,-62.7316028724186,0,1,13,0,"13"
"112",130250,116.281066758262,0.206118783310268,0.00177259109377428,-99.8227408906226,0,1,13,0,"13"
"113",130255,148.077627242768,0.116911205939089,0.000789526467407648,-99.9210473532592,0,1,13,0,"13"
"114",130260,35.1874817510227,1.52795162891856,0.0434231593988435,-95.6576840601156,0,1,13,0,"13"
"115",130270,68.6444234602875,15.9698779537782,0.232646399354162,-76.7353600645838,0,1,13,0,"13"
"116",130280,13.8029753080108,2.64175257731959,0.191390082092402,-80.8609917907598,0,1,13,0,"13"
"117",130290,6.91326988687377,32.9390235932292,4.76460837378425,376.460837378425,1,1,13,0,"13"
"118",130300,1.71232876712329,15.7437298236901,9.19433821703502,819.433821703502,1,1,13,0,"13"
"119",130310,11.7598085128525,0.443426206488803,0.0377069240544328,-96.2293075945567,0,1,13,0,"13"
"120",130320,286.147757255937,0.38068650466341,0.00133038437314368,-99.8669615626856,0,1,13,0,"13"
"121",130330,51.9375126800568,13.4357811647143,0.258691270940925,-74.1308729059076,0,1,13,0,"13"
"122",130340,0.86665015904459,0.0103764578923339,0.0119730640836356,-98.8026935916364,0,1,13,0,"13"
"123",130350,23.4840518752191,37.371599648996,1.59136080296397,59.1360802963965,1,1,13,0,"13"
"124",130353,236.339963184124,1.23907656188861,0.00524277208642574,-99.4757227913574,0,1,13,0,"13"
"125",130356,247.020157756354,3.88995829323067,0.0157475338391918,-98.4252466160808,0,1,13,0,"13"
"126",130360,52.9055690072639,206.862468229314,3.91003200817879,291.003200817879,1,1,13,0,"13"
"127",130370,0.658268753179139,68.1649002162277,103.551778642116,10255.1778642116,1,1,13,0,"13"
"128",130380,61.2601748567983,201.139106091322,3.28335834106749,228.335834106749,1,1,13,0,"13"
"129",130390,0.760676639982613,18.9583522916856,24.9230110341221,2392.30110341221,1,1,13,0,"13"
"130",130395,163.432924651827,1.62810625535561,0.00996192327111617,-99.0038076728884,0,1,13,0,"13"
"131",130400,95.0860791243872,0.0865126741067566,0.000909835329245039,-99.9090164670755,0,1,13,0,"13"
"132",130406,16.3650004689112,2.66610748307471,0.162915209696422,-83.7084790303578,0,1,13,0,"13"
"133",130410,38.3607988650005,73.8302974641563,1.92462877856064,92.4628778560639,1,1,13,0,"13"
"134",130420,37.6100139723146,22.7639848511586,0.605263929652233,-39.4736070347767,0,1,13,0,"13"
"135",130423,1.54644869104164,0.883254533174001,0.571150234916017,-42.8849765083983,0,1,13,0,"13"
"136",130426,67.4157303370787,16.2843877763149,0.241551752015337,-75.8448247984663,0,1,13,0,"13"
"137",130430,29.9903257013866,0.375818747986685,0.0125313326613625,-98.7468667338638,0,1,13,0,"13"
"138",130440,0.721426362980521,0.0417623721027354,0.0578886137875489,-94.2111386212451,0,1,13,0,"13"
"139",140000,0,0,NA,0,0,1,14,0,"14"
"140",140002,186.610878661088,168.377970847993,0.902294507458977,-9.77054925410235,0,1,14,0,"14"
"141",140005,80.6991446634437,836.988512294693,10.3717147906011,937.171479060106,1,1,14,0,"14"
"142",140010,3.76609582809677,1.92267694674064,0.510522576827866,-48.9477423172134,0,1,14,0,"14"
"143",140015,88.8011840157869,23.0985104698856,0.260114892902545,-73.9885107097455,0,1,14,0,"14"
"144",140017,426.221482424361,43.7854619419762,0.102729364303561,-89.7270635696438,0,1,14,0,"14"
"145",140020,193.696042644417,100.300615546118,0.51782480517812,-48.217519482188,0,1,14,0,"14"
"146",140023,250.684462696783,24.024024024024,0.0958337176767211,-90.4166282323279,0,1,14,0,"14"
"147",140028,265.816326530612,119.325551232166,0.448902265671872,-55.1097734328128,0,1,14,0,"14"
"148",140030,233.502975933753,201.173604960142,0.861546214371231,-13.8453785628769,0,1,14,0,"14"
"149",140040,33.4067547723935,14.5584900139001,0.435794799976525,-56.4205200023475,0,1,14,0,"14"
"150",140045,53.7179806018403,10.1528101528102,0.189002081594674,-81.0997918405326,0,1,14,0,"14"
"151",140047,180.304250180092,7.01442705302172,0.0389032817918354,-96.1096718208165,0,1,14,0,"14"
"152",140050,84.3239227340268,8.01535335290133,0.0950543225815435,-90.4945677418456,0,1,14,0,"14"
"153",140060,78.7476280834915,5.19480519480519,0.0659677671725864,-93.4032232827414,0,1,14,0,"14"
"154",140070,136.076947335225,27.488909897462,0.202010042375092,-79.7989957624908,0,1,14,0,"14"
"155",150000,0,0,NA,0,0,1,15,0,"15"
"156",150010,0.131477184841454,0,0,-100,0,1,15,1,"15"
"157",150013,0.588408355398647,0,0,-100,0,1,15,1,"15"
"158",150020,0.0832792018521294,0.0174261566611484,0.209249803955738,-79.0750196044262,0,1,15,0,"15"
"159",150030,9.55580008107952,11.7569177810142,1.23034363227134,23.0343632271343,1,1,15,0,"15"
"160",150034,0.232126276694522,0.221238938053097,0.953097345132743,-4.69026548672566,0,1,15,0,"15"
"161",150040,63.6153788875375,1.31167389768944,0.0206188176605578,-97.9381182339442,0,1,15,0,"15"
"162",150050,21.4139643587496,18.9323220536756,0.884111028509299,-11.5888971490701,0,1,15,0,"15"
"163",150060,61.6643863565445,13.0821435076299,0.212150712600767,-78.7849287399233,0,1,15,0,"15"
"164",150070,132.453567937439,218.485594944843,1.64952593083819,64.9525930838188,1,1,15,0,"15"
"165",150080,0.546467917423574,0.00417730137976265,0.00764418412604589,-99.2355815873954,0,1,15,0,"15"
"166",150085,318.38811717783,0.753532182103611,0.00236670950154443,-99.7633290498456,0,1,15,0,"15"
"167",150090,122.694932481487,0,0,-100,0,1,15,1,"15"
"168",150095,1.86203977994075,0.253893026404875,0.136352095771527,-86.3647904228473,0,1,15,0,"15"
"169",150100,0.611927013796173,0.0546746856205577,0.0893483771559223,-91.0651622844078,0,1,15,0,"15"
"170",150110,4.18011146963919,5.01282014347037,1.19920728905898,19.9207289058982,1,1,15,0,"15"
"171",150120,77.054399483228,0,0,-100,0,1,15,1,"15"
"172",150125,0.576535024502739,1.98461920119077,3.44232200446539,244.232200446539,1,1,15,0,"15"
"173",150130,0.220869397164589,0.00789577575996842,0.035748618239242,-96.4251381760758,0,1,15,0,"15"
"174",150140,0.540937422916417,0.0889987563191035,0.164526898211764,-83.5473101788236,0,1,15,0,"15"
"175",150145,1.36986301369863,0.276258356815294,0.201668600475164,-79.8331399524836,0,1,15,0,"15"
"176",150150,0.0932966366562485,0,0,-100,0,1,15,1,"15"
"177",150157,4.81564004887515,0.166620383226881,0.0345998416691881,-96.5400158330812,0,1,15,0,"15"
"178",150160,0.285904888973601,0,0,-100,0,1,15,1,"15"
"179",150170,16.5768300899687,0,0,-100,0,1,15,1,"15"
"180",150172,34.5100757538248,0,0,-100,0,1,15,1,"15"
"181",150175,1.8698578908003,0,0,-100,0,1,15,1,"15"
"182",150178,31.4382218862933,0,0,-100,0,1,15,1,"15"
"183",150180,22.5581725984551,11.1061251963204,0.49233266337722,-50.766733662278,0,1,15,0,"15"
"184",150190,2.99667935530898,0,0,-100,0,1,15,1,"15"
"185",150195,182.181818181818,0.152827305145186,0.000838872433431659,-99.9161127566568,0,1,15,0,"15"
"186",150200,7.0064809949203,0,0,-100,0,1,15,1,"15"
"187",150210,0.105556088667114,0.0223573600429261,0.211805499097576,-78.8194500902424,0,1,15,0,"15"
"188",150215,0.61373225930188,0.0129737023054269,0.021139026193905,-97.8860973806095,0,1,15,0,"15"
"189",150220,2.37257764799575,0,0,-100,0,1,15,1,"15"
"190",150230,0.422629910671405,0.0177518994532415,0.0420034148199312,-95.7996585180069,0,1,15,0,"15"
"191",150240,0.0263733945196086,0,0,-100,0,1,15,1,"15"
"192",150250,28.7462479796814,9.4425976778918,0.328481048537746,-67.1518951462254,0,1,15,0,"15"
"193",150260,0.506457330969866,0.0777121541809139,0.153442648430214,-84.6557351569786,0,1,15,0,"15"
"194",150270,0.498922780360585,0.0224129815989421,0.044922746527516,-95.5077253472484,0,1,15,0,"15"
"195",150275,0.375328412360816,0,0,-100,0,1,15,1,"15"
"196",150276,8.95473787040052,29.4955827871188,3.29385217233607,229.385217233607,1,1,15,0,"15"
"197",150277,5.90870722680345,0.050125313283208,0.00848329615246909,-99.1516703847531,0,1,15,0,"15"
"198",150280,20.962595284524,2.9790873963956,0.142114435543912,-85.7885564456088,0,1,15,0,"15"
"199",150285,3.90143737166324,0,0,-100,0,1,15,1,"15"
"200",150290,8.05981410981926,0,0,-100,0,1,15,1,"15"
"201",150293,1.80820420092092,0,0,-100,0,1,15,1,"15"
"202",150295,4.89633539897483,0.0354710556186152,0.00724440887485812,-99.2755591125142,0,1,15,0,"15"
"203",150300,2.49559600704639,14.8945921173236,5.9683506766593,496.83506766593,1,1,15,0,"15"
"204",150304,0.132961042414573,0,0,-100,0,1,15,1,"15"
"205",150307,2.21323361062352,0,0,-100,0,1,15,1,"15"
"206",150309,60.9988562714449,0.114155251141553,0.00187143264840183,-99.8128567351598,0,1,15,0,"15"
"207",150310,1.14692505438007,0,0,-100,0,1,15,1,"15"
"208",150320,4.81522637262444,0,0,-100,0,1,15,1,"15"
"209",150330,0.583160386257997,0,0,-100,0,1,15,1,"15"
"210",150340,1.8254837531946,0,0,-100,0,1,15,1,"15"
"211",150345,34.6544988219856,0.0989152296481915,0.00285432578772247,-99.7145674212278,0,1,15,0,"15"
"212",150350,0.695272149384188,0,0,-100,0,1,15,1,"15"
"213",150360,86.5698068010207,42.2748799792396,0.488332844226022,-51.1667155773978,0,1,15,0,"15"
"214",150370,74.8676291643372,0.0200996944846438,0.000268469760682875,-99.9731530239317,0,1,15,0,"15"
"215",150375,172.767758440984,462.39913484735,2.67642029404058,167.642029404058,1,1,15,0,"15"
"216",150380,11.0723494615501,0.0265202747500464,0.00239518043050762,-99.7604819569492,0,1,15,0,"15"
"217",150390,0.028247789610463,0,0,-100,0,1,15,1,"15"
"218",150400,0.330188679245283,0,0,-100,0,1,15,1,"15"
"219",150405,0.427972267397073,0.0291095391959945,0.0680173492853608,-93.1982650714639,0,1,15,0,"15"
"220",150410,22.7013316423589,0,0,-100,0,1,15,1,"15"
"221",150420,13.5555694801262,0.0337665456073476,0.00249097211716946,-99.7509027882831,0,1,15,0,"15"
"222",150430,21.657118904569,0,0,-100,0,1,15,1,"15"
"223",150440,16.3777556954105,0,0,-100,0,1,15,1,"15"
"224",150442,0.330761926101384,0,0,-100,0,1,15,1,"15"
"225",150445,31.6933022086551,0.184658566310891,0.0058264224123816,-99.4173577587618,0,1,15,0,"15"
"226",150450,2.20228384991843,0.0717463050652891,0.0325781370407572,-96.7421862959243,0,1,15,0,"15"
"227",150460,0.601128271525016,0,0,-100,0,1,15,1,"15"
"228",150470,35.7766143106457,0.0361276026927107,0.00100981055331333,-99.8990189446687,0,1,15,0,"15"
"229",150475,0,0.12765414237692,Inf,Inf,1,1,15,0,"15"
"230",150480,8.63586441391969,0,0,-100,0,1,15,1,"15"
"231",150490,3.98391678040503,0.132251807441368,0.0331964282215561,-96.6803571778444,0,1,15,0,"15"
"232",150495,20.7668361114395,0.0488328938372888,0.00235148452923886,-99.7648515470761,0,1,15,0,"15"
"233",150497,80.4749340369393,0,0,-100,0,1,15,1,"15"
"234",150500,6.90541191585033,0,0,-100,0,1,15,1,"15"
"235",150503,122.897249374858,3.9241334205363,0.0319301973030089,-96.8069802696991,0,1,15,0,"15"
"236",150506,146.112271219752,0.115260488704472,0.000788848792385967,-99.9211151207614,0,1,15,0,"15"
"237",150510,3.8805050816138,0.727565145800226,0.187492383207407,-81.2507616792593,0,1,15,0,"15"
"238",150520,0.390335298021,0.118189339321593,0.30278926840799,-69.721073159201,0,1,15,0,"15"
"239",150530,7.6156665139716,7.89234779043547,1.03633053994109,3.63305399410906,1,1,15,0,"15"
"240",150540,1.31044424059756,0,0,-100,0,1,15,1,"15"
"241",150543,0.351953341042787,1.20121970000308,3.41300837333732,241.300837333732,1,1,15,0,"15"
"242",150548,180.615152805529,0.827310995936443,0.00458051820728032,-99.541948179272,0,1,15,0,"15"
"243",150549,1.16130530716525,0,0,-100,0,1,15,1,"15"
"244",150550,32.7459755840382,0.0189505201917793,0.000578712951860153,-99.942128704814,0,1,15,0,"15"
"245",150553,6.0890882183486,0.0262739092574243,0.00431491683405925,-99.5685083165941,0,1,15,0,"15"
"246",150555,0.474833808167142,0,0,-100,0,1,15,1,"15"
"247",150560,9.07003444316877,0,0,-100,0,1,15,1,"15"
"248",150563,0.359660480506402,0,0,-100,0,1,15,1,"15"
"249",150565,9.61025093432995,0,0,-100,0,1,15,1,"15"
"250",150570,13.0942788074134,1.0806916426513,0.082531589448016,-91.7468410551984,0,1,15,0,"15"
"251",150580,24.4171577489259,4.74017135078869,0.194132806100137,-80.5867193899863,0,1,15,0,"15"
"252",150590,22.1423231640027,0.0246323619971919,0.00111245607855807,-99.8887543921442,0,1,15,0,"15"
"253",150600,29.0751829673985,1.82702307670686,0.0628378875123664,-93.7162112487634,0,1,15,0,"15"
"254",150610,7.88954635108481,0,0,-100,0,1,15,1,"15"
"255",150611,15.2219873150106,0,0,-100,0,1,15,1,"15"
"256",150613,0.517382618818356,0.163557134011706,0.31612413726857,-68.387586273143,0,1,15,0,"15"
"257",150616,0.235997482693518,0.108790252393386,0.460980562808239,-53.9019437191761,0,1,15,0,"15"
"258",150618,1.14645386085197,0.0188171537173287,0.0164133545708896,-98.358664542911,0,1,15,0,"15"
"259",150619,0.547245530828165,0.111828678464592,0.204348271780965,-79.5651728219035,0,1,15,0,"15"
"260",150620,11.5177362923615,0,0,-100,0,1,15,1,"15"
"261",150630,10.8153078202995,0,0,-100,0,1,15,1,"15"
"262",150635,0.313381385145722,0,0,-100,0,1,15,1,"15"
"263",150640,0.544464609800363,0.537273337810611,0.986792030445489,-1.3207969554511,0,1,15,0,"15"
"264",150650,4.72466937630238,0,0,-100,0,1,15,1,"15"
"265",150655,1.87817258883249,0,0,-100,0,1,15,1,"15"
"266",150658,38.2086781653647,0.0604302634759488,0.00158158477020353,-99.8418415229796,0,1,15,0,"15"
"267",150660,0.714668572449527,0,0,-100,0,1,15,1,"15"
"268",150670,122.971666921003,0,0,-100,0,1,15,1,"15"
"269",150680,0.995456165032674,0.174731952147546,0.175529529360854,-82.4470470639146,0,1,15,0,"15"
"270",150690,38.7466307277628,0,0,-100,0,1,15,1,"15"
"271",150700,0.235083924961211,0,0,-100,0,1,15,1,"15"
"272",150710,42.6518001074691,0,0,-100,0,1,15,1,"15"
"273",150715,0.998567273043025,0,0,-100,0,1,15,1,"15"
"274",150720,0.486018857531672,0,0,-100,0,1,15,1,"15"
"275",150730,14.305827927792,1.54391757620227,0.107922280625429,-89.2077719374571,0,1,15,0,"15"
"276",150740,0.255819902788437,0,0,-100,0,1,15,1,"15"
"277",150745,1.27942681678608,0.0412286126571841,0.0322242836528551,-96.7775716347145,0,1,15,0,"15"
"278",150746,7.84810126582279,0,0,-100,0,1,15,1,"15"
"279",150747,49.0817845916285,0,0,-100,0,1,15,1,"15"
"280",150750,4.99968356433137,0,0,-100,0,1,15,1,"15"
"281",150760,0.174550532379124,0,0,-100,0,1,15,1,"15"
"282",150770,0.837082766558544,0.935927933549117,1.11808290761611,11.8082907616114,1,1,15,0,"15"
"283",150780,117.706747843734,0.753012048192771,0.00639735666805152,-99.3602643331948,0,1,15,0,"15"
"284",150790,0.658204043253409,0,0,-100,0,1,15,1,"15"
"285",150795,14.1058852100704,0.01379443532479,0.000977920571403906,-99.9022079428596,0,1,15,0,"15"
"286",150796,0.304816094289778,0,0,-100,0,1,15,1,"15"
"287",150797,0.0602373351002952,0,0,-100,0,1,15,1,"15"
"288",150800,2.2428645151046,0,0,-100,0,1,15,1,"15"
"289",150803,11.2542058243416,0,0,-100,0,1,15,1,"15"
"290",150805,22.6772215939527,2.55871932817216,0.112832134993754,-88.7167865006246,0,1,15,0,"15"
"291",150808,0.49780513191836,0.0758533501896334,0.152375589012757,-84.7624410987243,0,1,15,0,"15"
"292",150810,48.058884680185,0.0109521827700261,0.000227890905977303,-99.9772109094023,0,1,15,0,"15"
"293",150812,6.3894006506997,0,0,-100,0,1,15,1,"15"
"294",150815,6.37114142139268,0.0229578952201662,0.00360341949765538,-99.6396580502345,0,1,15,0,"15"
"295",150820,1.92136801402599,0,0,-100,0,1,15,1,"15"
"296",150830,123.267729189118,0,0,-100,0,1,15,1,"15"
"297",150835,43.5446906035141,0.320533367523559,0.00736102066821647,-99.2638979331784,0,1,15,0,"15"
"298",150840,0.512853388037695,0.0567182803017413,0.110593556803358,-88.9406443196642,0,1,15,0,"15"
"299",160000,0,0,NA,0,0,1,16,0,"16"
"300",160005,66.5444066020435,27.1774020971539,0.40841001497967,-59.158998502033,0,1,16,0,"16"
"301",160010,8.08662280701754,1.38486717864787,0.171254083651099,-82.8745916348901,0,1,16,0,"16"
"302",160015,134.743202416918,37.7520043589943,0.280177431453523,-71.9822568546477,0,1,16,0,"16"
"303",160020,204.048140043764,98.0022615906521,0.480289903988504,-51.9710096011496,0,1,16,0,"16"
"304",160021,4.63678516228748,0,0,-100,0,1,16,1,"16"
"305",160023,101.319392581529,6.000600060006,0.059224595678241,-94.0775404321759,0,1,16,0,"16"
"306",160025,5.73558933180384,0,0,-100,0,1,16,1,"16"
"307",160027,8.71836933078162,0.797402745343738,0.0914623727316045,-90.8537627268395,0,1,16,0,"16"
"308",160030,2.86706732094613,0.474112337531861,0.165364912804142,-83.4635087195858,0,1,16,0,"16"
"309",160040,351.168277646701,7.43680992791313,0.0211773397578783,-97.8822660242122,0,1,16,0,"16"
"310",160050,78.2667114544844,19.0670256895422,0.243616032093422,-75.6383967906578,0,1,16,0,"16"
"311",160053,154.497995006431,27.3980277902286,0.177335814546254,-82.2664185453746,0,1,16,0,"16"
"312",160055,9.95787054768288,0,0,-100,0,1,16,1,"16"
"313",160060,17.3474975358668,0.214206550995129,0.0123479799061649,-98.7652020093835,0,1,16,0,"16"
"314",160070,99.7260956175299,1.8539976825029,0.018590898109692,-98.1409101890308,0,1,16,0,"16"
"315",160080,1.59283225485316,1.15135948985918,0.722837879727216,-27.7162120272784,0,1,16,0,"16"
"316",170000,0,0,NA,0,0,1,17,0,"17"
"317",170025,1.73085244482908,0,0,-100,0,1,17,1,"17"
"318",170040,0.113122171945701,0,0,-100,0,1,17,1,"17"
"319",170130,0.26160889470242,0,0,-100,0,1,17,1,"17"
"320",170190,12.0068610634648,0,0,-100,0,1,17,1,"17"
"321",170200,0.109793588054458,0,0,-100,0,1,17,1,"17"
"322",170210,0.145922677194718,0,0,-100,0,1,17,1,"17"
"323",170215,0.588812561334642,0,0,-100,0,1,17,1,"17"
"324",170220,0.176223874810559,0,0,-100,0,1,17,1,"17"
"325",170230,0.147188695908154,0,0,-100,0,1,17,1,"17"
"326",170255,0.212119069504348,0,0,-100,0,1,17,1,"17"
"327",170300,0.0918442321822189,0,0,-100,0,1,17,1,"17"
"328",170307,0,0.223413762287757,Inf,Inf,1,1,17,0,"17"
"329",170380,0.12591286829514,0,0,-100,0,1,17,1,"17"
"330",170390,17.7602368031574,0,0,-100,0,1,17,1,"17"
"331",170600,0.983042516588842,0,0,-100,0,1,17,1,"17"
"332",170610,0.141984949595343,0,0,-100,0,1,17,1,"17"
"333",170710,0.500500500500501,0,0,-100,0,1,17,1,"17"
"334",170720,0.287108814240597,0,0,-100,0,1,17,1,"17"
"335",170730,0.215100021510002,0,0,-100,0,1,17,1,"17"
"336",170740,0.568181818181818,0,0,-100,0,1,17,1,"17"
"337",170770,0.351246926589392,0,0,-100,0,1,17,1,"17"
"338",170820,0.0507356671740233,0,0,-100,0,1,17,1,"17"
"339",170930,0.0482741974414675,0,0,-100,0,1,17,1,"17"
"340",170950,0.071708233539375,0,0,-100,0,1,17,1,"17"
"341",171050,0.149992500374981,0,0,-100,0,1,17,1,"17"
"342",171150,0.92965602726991,0,0,-100,0,1,17,1,"17"
"343",171200,4.92287495897604,0,0,-100,0,1,17,1,"17"
"344",171250,11.6525423728814,0,0,-100,0,1,17,1,"17"
"345",171320,0.448950578023869,0,0,-100,0,1,17,1,"17"
"346",171330,0.245901639344262,0,0,-100,0,1,17,1,"17"
"347",171488,0.0985415845486795,0,0,-100,0,1,17,1,"17"
"348",171660,0.229594765239353,0,0,-100,0,1,17,1,"17"
"349",171665,0.193423597678917,0,0,-100,0,1,17,1,"17"
"350",171700,0.218914185639229,0,0,-100,0,1,17,1,"17"
"351",171720,7.11954909522397,0,0,-100,0,1,17,1,"17"
"352",171750,0.42762454564892,0,0,-100,0,1,17,1,"17"
"353",171800,0.793021411578113,0,0,-100,0,1,17,1,"17"
"354",171820,0.0432105433725829,0,0,-100,0,1,17,1,"17"
"355",171830,0.255362614913177,0,0,-100,0,1,17,1,"17"
"356",171870,0.383435582822086,0,0,-100,0,1,17,1,"17"
"357",171884,0.28137310073157,0,0,-100,0,1,17,1,"17"
"358",171886,0.156568028808517,0,0,-100,0,1,17,1,"17"
"359",171889,1.05042016806723,0,0,-100,0,1,17,1,"17"
"360",172010,1.23954136969321,0,0,-100,0,1,17,1,"17"
"361",172020,0.109122653862942,0,0,-100,0,1,17,1,"17"
"362",172030,0.954653937947494,0,0,-100,0,1,17,1,"17"
"363",172049,0.176087339320303,0,0,-100,0,1,17,1,"17"
"364",172090,0.0716537689882488,0,0,-100,0,1,17,1,"17"
"365",172093,0.664010624169987,0,0,-100,0,1,17,1,"17"
"366",172100,0.0266469124222576,0,0,-100,0,1,17,1,"17"
"367",172110,1.36239782016349,0,0,-100,0,1,17,1,"17"
"368",172120,0.0790014220255965,0,0,-100,0,1,17,1,"17"
"369",172125,0.79428117553614,0,0,-100,0,1,17,1,"17"
"370",172130,0.699790062981106,0,0,-100,0,1,17,1,"17"
"371",172208,0.0932487877657591,0,0,-100,0,1,17,1,"17"
"372",210000,0,0,NA,0,0,1,21,0,"21"
"373",210005,0.0793328110589939,0,0,-100,0,1,21,1,"21"
"374",210015,0.102165917449939,0,0,-100,0,1,21,1,"21"
"375",210020,22.3325062034739,0,0,-100,0,1,21,1,"21"
"376",210040,1.38717632552404,0,0,-100,0,1,21,1,"21"
"377",210043,0.0436490615451768,0,0,-100,0,1,21,1,"21"
"378",210047,3.32284529655659,0,0,-100,0,1,21,1,"21"
"379",210055,15.6524516850343,1.11576011157601,0.0712834087609939,-92.8716591239006,0,1,21,0,"21"
"380",210060,1.80312165436412,0.0808821547006012,0.0448567374834866,-95.5143262516513,0,1,21,0,"21"
"381",210083,2.88669713735867,0,0,-100,0,1,21,1,"21"
"382",210087,2.15810995002272,0,0,-100,0,1,21,1,"21"
"383",210090,0.113901702830457,0,0,-100,0,1,21,1,"21"
"384",210095,1.00900900900901,0.0391849529780564,0.0388350873264666,-96.1164912673533,0,1,21,0,"21"
"385",210100,2.54087494476359,0.0339305103148751,0.0133538686682717,-98.6646131331728,0,1,21,0,"21"
"386",210110,2.27617602427921,0,0,-100,0,1,21,1,"21"
"387",210120,1.86710022552053,0.00964217874670961,0.00516425343155933,-99.4835746568441,0,1,21,0,"21"
"388",210125,0.269638684163221,0,0,-100,0,1,21,1,"21"
"389",210130,1.70430336599915,0,0,-100,0,1,21,1,"21"
"390",210135,0.402738622633911,0,0,-100,0,1,21,1,"21"
"391",210140,0.0717751428325342,0,0,-100,0,1,21,1,"21"
"392",210160,0.102362003224403,0,0,-100,0,1,21,1,"21"
"393",210170,0.113825210007512,0.0152478538645686,0.133958495341781,-86.6041504658219,0,1,21,0,"21"
"394",210173,0.186532363365044,0,0,-100,0,1,21,1,"21"
"395",210177,0.687285223367698,0,0,-100,0,1,21,1,"21"
"396",210190,1.91082802547771,0,0,-100,0,1,21,1,"21"
"397",210197,60.3722958242495,0.924214417744917,0.0153085849250359,-98.4691415074964,0,1,21,0,"21"
"398",210200,4.3859649122807,0.0301704631166088,0.00687886559058682,-99.3121134409413,0,1,21,0,"21"
"399",210203,0.375314996514932,0,0,-100,0,1,21,1,"21"
"400",210210,0.682826903379993,0,0,-100,0,1,21,1,"21"
"401",210215,0.233918128654971,0,0,-100,0,1,21,1,"21"
"402",210220,0.161433529744128,0,0,-100,0,1,21,1,"21"
"403",210230,0.462920099990742,0,0,-100,0,1,21,1,"21"
"404",210232,0.843375448043207,0.0180157457617958,0.0213614776237509,-97.8638522376249,0,1,21,0,"21"
"405",210237,9.55063058650667,0,0,-100,0,1,21,1,"21"
"406",210250,0.497347480106101,0,0,-100,0,1,21,1,"21"
"407",210255,0.157133878064111,0,0,-100,0,1,21,1,"21"
"408",210260,19.6856480288585,1.40477623921333,0.0713604264972109,-92.8639573502789,0,1,21,0,"21"
"409",210270,0.506699695980182,0,0,-100,0,1,21,1,"21"
"410",210275,0.187020759304283,0,0,-100,0,1,21,1,"21"
"411",210280,0.0845844787481497,0,0,-100,0,1,21,1,"21"
"412",210290,21.1682476285572,0,0,-100,0,1,21,1,"21"
"413",210310,18.9921022940955,0,0,-100,0,1,21,1,"21"
"414",210312,1.08368452739314,0,0,-100,0,1,21,1,"21"
"415",210315,7.37789582411096,0.567169016366877,0.0768740884783666,-92.3125911521633,0,1,21,0,"21"
"416",210317,49.4962216624685,0,0,-100,0,1,21,1,"21"
"417",210320,0.471623958497092,0,0,-100,0,1,21,1,"21"
"418",210325,0.0819604950413901,0.0776518092871564,0.947429725112595,-5.25702748874048,0,1,21,0,"21"
"419",210330,3.61755744628542,0,0,-100,0,1,21,1,"21"
"420",210350,0.0508944703158002,0,0,-100,0,1,21,1,"21"
"421",210355,73.3191359902647,0.201139792155548,0.00274334645981447,-99.7256653540186,0,1,21,0,"21"
"422",210370,1.67943738847486,0,0,-100,0,1,21,1,"21"
"423",210380,0.0432900432900433,0.0433783021732529,1.00203878020214,0.203878020214296,1,1,21,0,"21"
"424",210390,0.192789666473877,0,0,-100,0,1,21,1,"21"
"425",210405,0.283079909414429,0,0,-100,0,1,21,1,"21"
"426",210409,0.119196614816139,0,0,-100,0,1,21,1,"21"
"427",210420,1.34790011350738,0,0,-100,0,1,21,1,"21"
"428",210430,2.94074400823408,0.196347928529354,0.0667681130964068,-93.3231886903593,0,1,21,0,"21"
"429",210440,0.768230705590356,0.116238521446007,0.151306789223795,-84.8693210776205,0,1,21,0,"21"
"430",210450,0.235266439242442,0,0,-100,0,1,21,1,"21"
"431",210455,0.40270618556701,0,0,-100,0,1,21,1,"21"
"432",210460,2.45351239669421,0,0,-100,0,1,21,1,"21"
"433",210462,6.87714910909659,0,0,-100,0,1,21,1,"21"
"434",210465,0.786348981678069,0,0,-100,0,1,21,1,"21"
"435",210467,7.712,0,0,-100,0,1,21,1,"21"
"436",210480,0.0382387243561555,0,0,-100,0,1,21,1,"21"
"437",210490,19.4759483770043,0,0,-100,0,1,21,1,"21"
"438",210500,9.23259746789159,0,0,-100,0,1,21,1,"21"
"439",210510,32.5039945217987,0,0,-100,0,1,21,1,"21"
"440",210515,0.910249408337885,0,0,-100,0,1,21,1,"21"
"441",210520,0.107584722969338,0,0,-100,0,1,21,1,"21"
"442",210530,0.185384781202845,0,0,-100,0,1,21,1,"21"
"443",210535,0.0817260542661,0,0,-100,0,1,21,1,"21"
"444",210540,1.13738871239754,0,0,-100,0,1,21,1,"21"
"445",210542,1.35615584796393,0,0,-100,0,1,21,1,"21"
"446",210545,0.223114680946006,0,0,-100,0,1,21,1,"21"
"447",210547,0.278784499581823,0,0,-100,0,1,21,1,"21"
"448",210550,0.0461957777059177,0,0,-100,0,1,21,1,"21"
"449",210560,0.420433046037419,0,0,-100,0,1,21,1,"21"
"450",210565,1.61472630389149,0.194325689856199,0.120345899727944,-87.9654100272056,0,1,21,0,"21"
"451",210570,0.239440666602816,0.022521000833277,0.0940567078800982,-90.5943292119902,0,1,21,0,"21"
"452",210590,6.19084892905429,0,0,-100,0,1,21,1,"21"
"453",210596,0.614628149969269,0.0876347384103058,0.142581719393568,-85.7418280606432,0,1,21,0,"21"
"454",210610,0.0969838037047813,0,0,-100,0,1,21,1,"21"
"455",210620,2.97827610371409,0,0,-100,0,1,21,1,"21"
"456",210632,8.20726404115882,0.0472835595063596,0.00576118414970398,-99.4238815850296,0,1,21,0,"21"
"457",210635,4.98078838764765,0,0,-100,0,1,21,1,"21"
"458",210637,2.0273694880892,0.145338274834678,0.0716881040622048,-92.8311895937795,0,1,21,0,"21"
"459",210640,0.0805736846345983,0,0,-100,0,1,21,1,"21"
"460",210660,0.111090538789113,0,0,-100,0,1,21,1,"21"
"461",210663,1.1457670273711,0,0,-100,0,1,21,1,"21"
"462",210667,0.397877984084881,0,0,-100,0,1,21,1,"21"
"463",210675,0.292911540714704,0,0,-100,0,1,21,1,"21"
"464",210680,0.661910715599029,0,0,-100,0,1,21,1,"21"
"465",210690,7.76750530463777,0.0720694749738748,0.00927832967566099,-99.0721670324339,0,1,21,0,"21"
"466",210710,0.904626518480227,0,0,-100,0,1,21,1,"21"
"467",210720,20.1265094882116,0,0,-100,0,1,21,1,"21"
"468",210735,6.86436024162548,0,0,-100,0,1,21,1,"21"
"469",210740,0.46882325363338,0,0,-100,0,1,21,1,"21"
"470",210745,0.198196412644931,0,0,-100,0,1,21,1,"21"
"471",210750,0.117275790012367,0,0,-100,0,1,21,1,"21"
"472",210770,0.105708245243129,0,0,-100,0,1,21,1,"21"
"473",210780,0.21178748638509,0,0,-100,0,1,21,1,"21"
"474",210790,0.0659935326338019,0,0,-100,0,1,21,1,"21"
"475",210800,0.0615346747892437,0,0,-100,0,1,21,1,"21"
"476",210805,0.0833750208437552,0,0,-100,0,1,21,1,"21"
"477",210810,0.469875743969928,0,0,-100,0,1,21,1,"21"
"478",210820,0,0.0269905533063428,Inf,Inf,1,1,21,0,"21"
"479",210825,1.83823529411765,0.534539473684211,0.290789473684211,-70.9210526315789,0,1,21,0,"21"
"480",210830,1.5575313128691,0,0,-100,0,1,21,1,"21"
"481",210840,0.154858691444057,0,0,-100,0,1,21,1,"21"
"482",210845,0.309837335398916,0,0,-100,0,1,21,1,"21"
"483",210850,0.518618400580853,0,0,-100,0,1,21,1,"21"
"484",210860,0.208832210280114,0,0,-100,0,1,21,1,"21"
"485",210870,1.05901256208005,0,0,-100,0,1,21,1,"21"
"486",210880,0.0694203401596668,0,0,-100,0,1,21,1,"21"
"487",210900,4.36876890332699,0,0,-100,0,1,21,1,"21"
"488",210905,19.063270336894,0,0,-100,0,1,21,1,"21"
"489",210910,0.0722212860203664,0.0442918835123464,0.613280183073118,-38.6719816926882,0,1,21,0,"21"
"490",210920,4.79031091829356,0,0,-100,0,1,21,1,"21"
"491",210923,10.5181145305804,0,0,-100,0,1,21,1,"21"
"492",210927,9.00838472732312,0,0,-100,0,1,21,1,"21"
"493",210930,26.0436987904799,0,0,-100,0,1,21,1,"21"
"494",210940,4.22255340288127,0,0,-100,0,1,21,1,"21"
"495",210945,0.249451207343844,0,0,-100,0,1,21,1,"21"
"496",210950,0.0941176470588235,0,0,-100,0,1,21,1,"21"
"497",210955,0.143636885952313,0,0,-100,0,1,21,1,"21"
"498",210960,1.84278721566369,0.0259909031838856,0.0141041260558804,-98.589587394412,0,1,21,0,"21"
"499",210970,0.199441563621859,0,0,-100,0,1,21,1,"21"
"500",210975,0.187265917602996,0.149320591309542,0.797371957592952,-20.2628042407048,0,1,21,0,"21"
"501",210980,9.9906432042498,0,0,-100,0,1,21,1,"21"
"502",210990,0.465499813800074,0,0,-100,0,1,21,1,"21"
"503",211000,2.54077951115402,0.0520517046933287,0.0204865099332003,-97.95134900668,0,1,21,0,"21"
"504",211003,7.48257482574826,0,0,-100,0,1,21,1,"21"
"505",211023,0.478102887741442,0,0,-100,0,1,21,1,"21"
"506",211027,0.412881915772089,0,0,-100,0,1,21,1,"21"
"507",211030,0.635368866925521,0,0,-100,0,1,21,1,"21"
"508",211040,0.116597679706174,0,0,-100,0,1,21,1,"21"
"509",211050,0.0296208530805687,0,0,-100,0,1,21,1,"21"
"510",211065,0.13745704467354,0,0,-100,0,1,21,1,"21"
"511",211070,0.0837731423305688,0,0,-100,0,1,21,1,"21"
"512",211080,0.218340611353712,0,0,-100,0,1,21,1,"21"
"513",211090,0.155981906098893,0,0,-100,0,1,21,1,"21"
"514",211100,0.0485060147458285,0,0,-100,0,1,21,1,"21"
"515",211102,0.616438356164384,0,0,-100,0,1,21,1,"21"
"516",211120,0.633557982434605,0,0,-100,0,1,21,1,"21"
"517",211125,0.525279054497702,0,0,-100,0,1,21,1,"21"
"518",211130,0.0479604305595523,0.000963600009636,0.0200915629487417,-97.9908437051258,0,1,21,0,"21"
"519",211140,0.464403473737984,0,0,-100,0,1,21,1,"21"
"520",211150,2.63419616697578,0.0257539467923459,0.00977677635220047,-99.02232236478,0,1,21,0,"21"
"521",211153,0.269905533063428,0,0,-100,0,1,21,1,"21"
"522",211157,0.235904694503421,0,0,-100,0,1,21,1,"21"
"523",211172,0.627680719740559,0,0,-100,0,1,21,1,"21"
"524",211174,1.00679587213692,0,0,-100,0,1,21,1,"21"
"525",211176,2.73399807011901,0,0,-100,0,1,21,1,"21"
"526",211178,41.2835767081305,0,0,-100,0,1,21,1,"21"
"527",211210,0.035503798906483,0,0,-100,0,1,21,1,"21"
"528",211220,0.0141734403900531,0,0,-100,0,1,21,1,"21"
"529",211223,0.0597835834279907,0,0,-100,0,1,21,1,"21"
"530",211227,0.908100254268071,0,0,-100,0,1,21,1,"21"
"531",211230,0.298693893067586,0,0,-100,0,1,21,1,"21"
"532",211240,36.9905773213921,0,0,-100,0,1,21,1,"21"
"533",211245,9.32400932400932,0,0,-100,0,1,21,1,"21"
"534",211260,0.0580652653582627,0,0,-100,0,1,21,1,"21"
"535",211270,0.757660792457066,0,0,-100,0,1,21,1,"21"
"536",211280,0.110144289018614,0,0,-100,0,1,21,1,"21"
"537",211285,0.138542532557495,0,0,-100,0,1,21,1,"21"
"538",211290,15.5935462548448,0,0,-100,0,1,21,1,"21"
"539",211300,0.207612456747405,0,0,-100,0,1,21,1,"21"
"540",211400,4.84227726520933,0.0490184064116076,0.0101230069504268,-98.9876993049573,0,1,21,0,"21"
"541",220005,0,0.155763239875389,Inf,Inf,1,1,22,0,"Other"
"542",220060,0.280662363177098,0,0,-100,0,1,22,1,"Other"
"543",220217,13.1790421086467,0,0,-100,0,1,22,1,"Other"
"544",220390,0.0355998576005696,0,0,-100,0,1,22,1,"Other"
"545",220540,0.0755857898715042,0.0720149791156561,0.95275817370013,-4.72418262998704,0,1,22,0,"Other"
"546",220550,0.0288967231115991,0,0,-100,0,1,22,1,"Other"
"547",220557,0.164095831965868,0,0,-100,0,1,22,1,"Other"
"548",220580,0.215137042295942,0.0788177339901478,0.366360591133005,-63.3639408866995,0,1,22,0,"Other"
"549",220585,0.549450549450549,0,0,-100,0,1,22,1,"Other"
"550",220640,0.093492894540015,0,0,-100,0,1,22,1,"Other"
"551",220710,0.473260766682442,0,0,-100,0,1,22,1,"Other"
"552",220770,0.0142663528069049,0,0,-100,0,1,22,1,"Other"
"553",220790,0.0538242101297163,0,0,-100,0,1,22,1,"Other"
"554",220840,0.0486720638577478,0,0,-100,0,1,22,1,"Other"
"555",220850,1.07952500899604,0,0,-100,0,1,22,1,"Other"
"556",221040,0.0528960592435864,0,0,-100,0,1,22,1,"Other"
"557",221100,0,0.00115433452614568,Inf,Inf,1,1,22,0,"Other"
"558",230020,0.0197063750123165,0,0,-100,0,1,23,1,"Other"
"559",230410,0.0136843833816848,0,0,-100,0,1,23,1,"Other"
"560",230420,0.0178740593776253,0,0,-100,0,1,23,1,"Other"
"561",230440,0.00300086982355314,0,0,-100,0,1,23,1,"Other"
"562",230530,0.0430144528561597,0,0,-100,0,1,23,1,"Other"
"563",230600,0,0.0714234697521606,Inf,Inf,1,1,23,0,"Other"
"564",231340,0,0.0122690354084362,Inf,Inf,1,1,23,0,"Other"
"565",231410,0.586166471277843,0,0,-100,0,1,23,1,"Other"
"566",240170,0.107158165452207,0,0,-100,0,1,24,1,"Other"
"567",240810,0.00130534499615576,0,0,-100,0,1,24,1,"Other"
"568",250000,0,0,NA,0,0,1,25,0,"Other"
"569",260110,0.0131252543018021,0,0,-100,0,1,26,1,"Other"
"570",260300,0.0355050594709746,0,0,-100,0,1,26,1,"Other"
"571",260590,0.0381083037993979,0,0,-100,0,1,26,1,"Other"
"572",260980,0.643796560286949,0,0,-100,0,1,26,1,"Other"
"573",260990,0.0170494262868054,0,0,-100,0,1,26,1,"Other"
"574",261160,0.00134510841237527,0,0,-100,0,1,26,1,"Other"
"575",270500,0.0411658159064713,0,0,-100,0,1,27,1,"Other"
"576",280000,0,0,NA,0,0,1,28,0,"Other"
"577",280480,0.0060764785591454,0,0,-100,0,1,28,1,"Other"
"578",290140,0.0713877784123358,0,0,-100,0,1,29,1,"Other"
"579",290320,0.00766213068530097,0,0,-100,0,1,29,1,"Other"
"580",291465,0.0353869563678828,0,0,-100,0,1,29,1,"Other"
"581",292300,0.0282374202292879,0,0,-100,0,1,29,1,"Other"
"582",292530,0.00787104086644418,0,0,-100,0,1,29,1,"Other"
"583",292550,0.0351111267160563,0,0,-100,0,1,29,1,"Other"
"584",292740,0,0.000413564074515975,Inf,Inf,1,1,29,0,"Other"
"585",293100,0.0477691793254992,0,0,-100,0,1,29,1,"Other"
"586",310000,0,0,NA,0,0,1,31,0,"Other"
"587",310375,0.345423143350604,0,0,-100,0,1,31,1,"Other"
"588",310450,0.111055583319451,0,0,-100,0,1,31,1,"Other"
"589",310670,0.00265732704786909,0,0,-100,0,1,31,1,"Other"
"590",310855,0,0.133155792276964,Inf,Inf,1,1,31,0,"Other"
"591",310930,0.0467049647377516,0,0,-100,0,1,31,1,"Other"
"592",311230,0,0.0252372299616394,Inf,Inf,1,1,31,0,"Other"
"593",311620,0.334672021419009,0,0,-100,0,1,31,1,"Other"
"594",313420,0,0.00978310848488999,Inf,Inf,1,1,31,0,"Other"
"595",313505,0.0311439160360024,0,0,-100,0,1,31,1,"Other"
"596",314050,0.0847673137238281,0,0,-100,0,1,31,1,"Other"
"597",314800,0.00742820638528621,0,0,-100,0,1,31,1,"Other"
"598",314810,0.0125817815802718,0,0,-100,0,1,31,1,"Other"
"599",315140,0.042837559972584,0,0,-100,0,1,31,1,"Other"
"600",315200,0.0344435642200255,0,0,-100,0,1,31,1,"Other"
"601",315210,0,0.0173082248684575,Inf,Inf,1,1,31,0,"Other"
"602",315530,0.42185192997258,0,0,-100,0,1,31,1,"Other"
"603",315690,0.0458505272810637,0,0,-100,0,1,31,1,"Other"
"604",316170,7.65110941086458,0,0,-100,0,1,31,1,"Other"
"605",316260,0,0.141442715700141,Inf,Inf,1,1,31,0,"Other"
"606",317010,0,0.00295992848812773,Inf,Inf,1,1,31,0,"Other"
"607",317020,0.00701702681556798,0,0,-100,0,1,31,1,"Other"
"608",320030,0.0708566569829236,0,0,-100,0,1,32,1,"Other"
"609",320060,0.0141047702332929,0,0,-100,0,1,32,1,"Other"
"610",320090,0.181577650385204,0,0,-100,0,1,32,1,"Other"
"611",320130,0.00571737309575742,0,0,-100,0,1,32,1,"Other"
"612",320160,0.0348979235735474,0,0,-100,0,1,32,1,"Other"
"613",320190,0.334753499695679,0,0,-100,0,1,32,1,"Other"
"614",320225,4.27437410950539,0,0,-100,0,1,32,1,"Other"
"615",320240,0.0097953746241025,0,0,-100,0,1,32,1,"Other"
"616",320313,0.123160293121498,0,0,-100,0,1,32,1,"Other"
"617",320320,0.0584190145546802,0,0,-100,0,1,32,1,"Other"
"618",320334,0.147547030616009,0,0,-100,0,1,32,1,"Other"
"619",320380,0.0730140186915888,0,0,-100,0,1,32,1,"Other"
"620",320390,0.11157227652073,0,0,-100,0,1,32,1,"Other"
"621",320405,1.03250134674089,0,0,-100,0,1,32,1,"Other"
"622",320410,0.046888920148169,0,0,-100,0,1,32,1,"Other"
"623",320450,0.380199224393582,0,0,-100,0,1,32,1,"Other"
"624",320455,0.126586284376088,0,0,-100,0,1,32,1,"Other"
"625",320460,0.618429189857761,0,0,-100,0,1,32,1,"Other"
"626",320490,0.0201749165262829,0,0,-100,0,1,32,1,"Other"
"627",320503,0.0510751315184637,0,0,-100,0,1,32,1,"Other"
"628",320510,0.0342641768031523,0,0,-100,0,1,32,1,"Other"
"629",320517,0.0702839471464718,0,0,-100,0,1,32,1,"Other"
"630",320520,0.00516523589632339,0,0,-100,0,1,32,1,"Other"
"631",330000,0,0,NA,0,0,1,33,0,"Other"
"632",330080,0.0567977432363354,0,0,-100,0,1,33,1,"Other"
"633",330185,0.0232455426671936,0.0193438563912102,0.832153358093469,-16.7846641906531,0,1,33,0,"Other"
"634",330330,0.00212132718714136,0,0,-100,0,1,33,1,"Other"
"635",330340,0.011320605199554,0.00526490362593913,0.46507262934552,-53.492737065448,0,1,33,0,"Other"
"636",330411,0.0698031551026106,0,0,-100,0,1,33,1,"Other"
"637",330430,0,0.0177695642902836,Inf,Inf,1,1,33,0,"Other"
"638",330455,0.000165251043601653,0.000160993704663167,0.974237143404981,-2.57628565950187,0,1,33,0,"Other"
"639",330490,0.00105461202932665,0,0,-100,0,1,33,1,"Other"
"640",350000,0,0,NA,0,0,1,35,0,"Other"
"641",350220,0,0.0416285072017317,Inf,Inf,1,1,35,0,"Other"
"642",350680,0.0946521533364884,0,0,-100,0,1,35,1,"Other"
"643",350950,0.000969098360576303,0,0,-100,0,1,35,1,"Other"
"644",350990,0.146896804994491,0,0,-100,0,1,35,1,"Other"
"645",351970,0.0138540613180754,0,0,-100,0,1,35,1,"Other"
"646",352620,0.134277753533183,0,0,-100,0,1,35,1,"Other"
"647",352900,0.0138946139844658,0,0,-100,0,1,35,1,"Other"
"648",352990,0,0.0538996388724196,Inf,Inf,1,1,35,0,"Other"
"649",353010,0.0374433669075523,0,0,-100,0,1,35,1,"Other"
"650",353490,0.0793902826294062,0,0,-100,0,1,35,1,"Other"
"651",353930,0.0144866650248446,0,0,-100,0,1,35,1,"Other"
"652",354500,0.0629128656810318,0,0,-100,0,1,35,1,"Other"
"653",354850,0.0023908859427861,0,0,-100,0,1,35,1,"Other"
"654",354870,0,0.00246691557844853,Inf,Inf,1,1,35,0,"Other"
"655",355030,0.000184526000220878,8.73267491875338e-05,0.473249022267884,-52.6750977732116,0,1,35,0,"Other"
"656",355180,0,0.0785545954438335,Inf,Inf,1,1,35,0,"Other"
"657",355350,0.199501246882793,0.125062531265633,0.626875937968984,-37.3124062031016,0,1,35,0,"Other"
"658",410045,0,0.278551532033426,Inf,Inf,1,1,41,0,"Other"
"659",410060,0,0.0718958947444101,Inf,Inf,1,1,41,0,"Other"
"660",410270,0,0.355366027007818,Inf,Inf,1,1,41,0,"Other"
"661",410305,0.269396551724138,0.504795557799091,1.87380111055023,87.3801110550227,1,1,41,0,"Other"
"662",410445,0.0767400813444862,0,0,-100,0,1,41,1,"Other"
"663",410480,0.0110195670779414,0,0,-100,0,1,41,1,"Other"
"664",410580,0.0046090170810173,0,0,-100,0,1,41,1,"Other"
"665",410620,0.0700918202845728,0,0,-100,0,1,41,1,"Other"
"666",410690,0.000579035442759451,0,0,-100,0,1,41,1,"Other"
"667",410830,0.194111276843546,0,0,-100,0,1,41,1,"Other"
"668",410880,0.0357513138607844,0,0,-100,0,1,41,1,"Other"
"669",410950,0.350549193736854,0,0,-100,0,1,41,1,"Other"
"670",411095,0.121966093426028,0,0,-100,0,1,41,1,"Other"
"671",411580,0.0756830394308635,0,0,-100,0,1,41,1,"Other"
"672",411710,0.075013127297277,0,0,-100,0,1,41,1,"Other"
"673",411820,0.00706040173685883,0,0,-100,0,1,41,1,"Other"
"674",411980,0.0733998825601879,0,0,-100,0,1,41,1,"Other"
"675",412220,0.0330414670411366,0,0,-100,0,1,41,1,"Other"
"676",412260,0.118133490844654,0,0,-100,0,1,41,1,"Other"
"677",412350,0.187555680592676,0,0,-100,0,1,41,1,"Other"
"678",412405,0.0974041786392636,0,0,-100,0,1,41,1,"Other"
"679",412570,1.09732102315726,0,0,-100,0,1,41,1,"Other"
"680",412600,0.112892300745089,0,0,-100,0,1,41,1,"Other"
"681",420240,0.00696015312336871,0,0,-100,0,1,42,1,"Other"
"682",420280,0.0345877144438295,0,0,-100,0,1,42,1,"Other"
"683",420320,0.0202146799005438,0,0,-100,0,1,42,1,"Other"
"684",420580,0.0786410821012897,0,0,-100,0,1,42,1,"Other"
"685",420730,0.0786555150625311,0,0,-100,0,1,42,1,"Other"
"686",420770,0,0.127942681678608,Inf,Inf,1,1,42,0,"Other"
"687",420820,0.0247235596981253,0,0,-100,0,1,42,1,"Other"
"688",420895,0.535618639528656,0,0,-100,0,1,42,1,"Other"
"689",421250,0.0499425660490436,0,0,-100,0,1,42,1,"Other"
"690",421650,0,0.0385519873549482,Inf,Inf,1,1,42,0,"Other"
"691",430220,0.150421179302046,0,0,-100,0,1,43,1,"Other"
"692",430700,0.0207662755684768,0,0,-100,0,1,43,1,"Other"
"693",430900,0.0551328702172235,0,0,-100,0,1,43,1,"Other"
"694",431890,0.0280300482116829,0,0,-100,0,1,43,1,"Other"
"695",500020,0,0.059733588196643,Inf,Inf,1,1,50,0,"Other"
"696",500025,0.412201154163232,0,0,-100,0,1,50,1,"Other"
"697",500090,0.128139415684264,0,0,-100,0,1,50,1,"Other"
"698",500190,0.0536711034778875,0,0,-100,0,1,50,1,"Other"
"699",500220,0.0565578869973418,0,0,-100,0,1,50,1,"Other"
"700",500270,0.00817256089919963,0,0,-100,0,1,50,1,"Other"
"701",500320,0.0100562142375881,0,0,-100,0,1,50,1,"Other"
"702",500330,0.0306466441924609,0,0,-100,0,1,50,1,"Other"
"703",500345,0.0986387847701716,0,0,-100,0,1,50,1,"Other"
"704",500460,0.349956255468066,0,0,-100,0,1,50,1,"Other"
"705",500490,0.17102787754404,0,0,-100,0,1,50,1,"Other"
"706",500520,0.0587440521647183,0,0,-100,0,1,50,1,"Other"
"707",500570,0.025166096235152,0,0,-100,0,1,50,1,"Other"
"708",500620,0.0523286237571952,0,0,-100,0,1,50,1,"Other"
"709",500635,0.188821752265861,0,0,-100,0,1,50,1,"Other"
"710",500640,0.231320842007865,0,0,-100,0,1,50,1,"Other"
"711",500660,0.0151391285917583,0,0,-100,0,1,50,1,"Other"
"712",500720,0.0383729854182655,0,0,-100,0,1,50,1,"Other"
"713",500740,0.101471334348047,0.0504591785245736,0.497275204359673,-50.2724795640327,0,1,50,0,"Other"
"714",500770,0.225886604924328,0,0,-100,0,1,50,1,"Other"
"715",500790,0.0363385297430866,0,0,-100,0,1,50,1,"Other"
"716",500830,0.0118133490844654,0,0,-100,0,1,50,1,"Other"
"717",510000,0,0,NA,0,0,1,51,0,"51"
"718",510010,0.493583415597236,0.199441563621859,0.404068607897886,-59.5931392102114,0,1,51,0,"51"
"719",510020,0.202279010181377,0.0342243061021938,0.169193561267212,-83.0806438732788,0,1,51,0,"51"
"720",510025,0.33905488450943,0,0,-100,0,1,51,1,"51"
"721",510035,0.240731824747232,0.177336407164391,0.73665543536088,-26.334456463912,0,1,51,0,"51"
"722",510050,0.303490136570561,0,0,-100,0,1,51,1,"51"
"723",510060,0.191350937619594,0,0,-100,0,1,51,1,"51"
"724",510080,2.64344580936091,0.349243306169965,0.132116688351709,-86.7883311648291,0,1,51,0,"51"
"725",510100,0.290107339715695,0,0,-100,0,1,51,1,"51"
"726",510125,0.0701902154839615,0.0676315433518193,0.96354659813337,-3.64534018666305,0,1,51,0,"51"
"727",510140,34.0109240385157,6.49719808332657,0.191032683380458,-80.8967316619542,0,1,51,0,"51"
"728",510160,0.152299725860493,0,0,-100,0,1,51,1,"51"
"729",510170,0.321595111754301,0.0680202700404721,0.211509029690848,-78.8490970309152,0,1,51,0,"51"
"730",510180,0.0361030380706536,0,0,-100,0,1,51,1,"51"
"731",510185,0.227117874176698,0,0,-100,0,1,51,1,"51"
"732",510190,1.71614896172988,0.0588096918372148,0.0342684074335451,-96.5731592566455,0,1,51,0,"51"
"733",510250,0.022802937018288,0,0,-100,0,1,51,1,"51"
"734",510260,0.0785731122809775,0,0,-100,0,1,51,1,"51"
"735",510263,0.209793143960055,0.0435739340726378,0.207699514150635,-79.2300485849365,0,1,51,0,"51"
"736",510267,0.391457526858336,0,0,-100,0,1,51,1,"51"
"737",510268,0.520156046814044,0.566764905917026,1.08960553162548,8.9605531625482,1,1,51,0,"51"
"738",510269,0.990262419541178,0,0,-100,0,1,51,1,"51"
"739",510285,6.818814361258,0,0,-100,0,1,51,1,"51"
"740",510300,0.0578971746178786,0,0,-100,0,1,51,1,"51"
"741",510305,2.46045694200351,0,0,-100,0,1,51,1,"51"
"742",510310,0.556999628666914,0,0,-100,0,1,51,1,"51"
"743",510320,0.147389365857253,0,0,-100,0,1,51,1,"51"
"744",510325,246.781281319867,33.040844851685,0.13388715981606,-86.611284018394,0,1,51,0,"51"
"745",510330,4.01805372082783,0.274152867638995,0.0682302643734968,-93.1769735626503,0,1,51,0,"51"
"746",510335,0.987947046038332,0,0,-100,0,1,51,1,"51"
"747",510336,0.352609308885755,3.19148936170213,9.05106382978723,805.106382978723,1,1,51,0,"51"
"748",510337,2.00050012503126,0,0,-100,0,1,51,1,"51"
"749",510340,0.0419314382864527,0.0076815299149501,0.183192617016237,-81.6807382983763,0,1,51,0,"51"
"750",510370,6.20404411764706,0,0,-100,0,1,51,1,"51"
"751",510385,2.44867206630251,0,0,-100,0,1,51,1,"51"
"752",510410,0.15585549078894,0.257864878803507,1.65451263537906,65.4512635379061,1,1,51,0,"51"
"753",510420,0.259470679813181,0,0,-100,0,1,51,1,"51"
"754",510455,1.11571565189672,0.199203187250996,0.17854297097325,-82.145702902675,0,1,51,0,"51"
"755",510480,0.151727800326215,0,0,-100,0,1,51,1,"51"
"756",510490,0.1232741617357,0,0,-100,0,1,51,1,"51"
"757",510510,0.840336134453782,0.0286483699077523,0.0340915601902252,-96.5908439809775,0,1,51,0,"51"
"758",510515,9.54843334015974,0.0654036495236434,0.00684967336458876,-99.3150326635411,0,1,51,0,"51"
"759",510517,142.215568862275,0.293743268383433,0.00206547898189614,-99.7934521018104,0,1,51,0,"51"
"760",510525,0.155086848635236,0,0,-100,0,1,51,1,"51"
"761",510550,1.62085976039464,18.8982949803267,11.6594263378624,1065.94263378624,1,1,51,0,"51"
"762",510558,12.3321615858929,0,0,-100,0,1,51,1,"51"
"763",510560,1.18273211117682,0.497735304365139,0.420835199840725,-57.9164800159275,0,1,51,0,"51"
"764",510562,0.0882495697833473,0.0373343289154377,0.423053948105283,-57.6946051894717,0,1,51,0,"51"
"765",510590,0.0648004147226542,0,0,-100,0,1,51,1,"51"
"766",510615,4.25627240143369,0.513384671800513,0.120618377627236,-87.9381622372764,0,1,51,0,"51"
"767",510618,21.4865161148871,0.749625187406297,0.0348881681608175,-96.5111831839182,0,1,51,0,"51"
"768",510619,0.282885431400283,0,0,-100,0,1,51,1,"51"
"769",510620,0.402657539762432,0,0,-100,0,1,51,1,"51"
"770",510621,0.179083094555874,0,0,-100,0,1,51,1,"51"
"771",510622,0.80123619298346,0.0718803910293272,0.0897118623182453,-91.0288137681755,0,1,51,0,"51"
"772",510623,0.111625830217112,0,0,-100,0,1,51,1,"51"
"773",510624,21.6657287563309,0,0,-100,0,1,51,1,"51"
"774",510625,0,0.0410761963442185,Inf,Inf,1,1,51,0,"51"
"775",510626,1.32318888521336,0.306748466257669,0.231825153374233,-76.8174846625767,0,1,51,0,"51"
"776",510627,1.28081972462376,0,0,-100,0,1,51,1,"51"
"777",510628,0.234521575984991,0,0,-100,0,1,51,1,"51"
"778",510629,2.80989949205663,0.0856824608002742,0.030493069607113,-96.9506930392887,0,1,51,0,"51"
"779",510630,2.04068618072827,0,0,-100,0,1,51,1,"51"
"780",510637,0,0.0553525960367541,Inf,Inf,1,1,51,0,"51"
"781",510642,1.17193222325309,2.44543620468301,2.08667033482097,108.667033482097,1,1,51,0,"51"
"782",510645,0.340251786321878,0,0,-100,0,1,51,1,"51"
"783",510670,0.505050505050505,0,0,-100,0,1,51,1,"51"
"784",510675,0.220426157237326,11.5536929524395,52.415253694234,5141.5253694234,1,1,51,0,"51"
"785",510677,4.34452047355273,0,0,-100,0,1,51,1,"51"
"786",510680,0.159108989657916,0,0,-100,0,1,51,1,"51"
"787",510682,0.093292284728053,0,0,-100,0,1,51,1,"51"
"788",510704,0.0556782539299568,0.0117445329199258,0.210935726086174,-78.9064273913826,0,1,51,0,"51"
"789",510706,1.69079573074078,0.0373566438791139,0.0220941200642534,-97.7905879935746,0,1,51,0,"51"
"790",510715,0.524383848977451,0,0,-100,0,1,51,1,"51"
"791",510718,0.264026402640264,0,0,-100,0,1,51,1,"51"
"792",510720,0.419991600167997,0,0,-100,0,1,51,1,"51"
"793",510724,0.720288115246098,0.186081131373279,0.258342637389902,-74.1657362610098,0,1,51,0,"51"
"794",510729,0.32123353678124,0,0,-100,0,1,51,1,"51"
"795",510735,5.97860289490245,0.335289186923722,0.0560815282128204,-94.391847178718,0,1,51,0,"51"
"796",510757,32.3713927227102,13.1241084165478,0.405423039069325,-59.4576960930675,0,1,51,0,"51"
"797",510760,0.0244164469186444,0.00408334932645153,0.167237655014149,-83.2762344985851,0,1,51,0,"51"
"798",510770,0.0555864369093941,0,0,-100,0,1,51,1,"51"
"799",510777,3.93402935391133,0,0,-100,0,1,51,1,"51"
"800",510785,0.968575118381403,0,0,-100,0,1,51,1,"51"
"801",510787,1.07229023322313,0,0,-100,0,1,51,1,"51"
"802",510788,0,0.555555555555556,Inf,Inf,1,1,51,0,"51"
"803",510790,5.99636839660487,0,0,-100,0,1,51,1,"51"
"804",510792,0.325923994524477,0.00903873096217291,0.0277326343381389,-97.2267365661861,0,1,51,0,"51"
"805",510794,0.198530871550526,0,0,-100,0,1,51,1,"51"
"806",510795,0.0293293836430027,0,0,-100,0,1,51,1,"51"
"807",510800,0.829187396351575,0,0,-100,0,1,51,1,"51"
"808",510805,0.246285198259585,0.659382064807837,2.67731097714142,167.731097714142,1,1,51,0,"51"
"809",510830,2.06262891430714,0,0,-100,0,1,51,1,"51"
"810",510835,0.311332503113325,0,0,-100,0,1,51,1,"51"
"811",510840,0.016483018370324,0,0,-100,0,1,51,1,"51"
"812",510850,0.186029206585434,0,0,-100,0,1,51,1,"51"
"813",510860,3.2578508865627,0,0,-100,0,1,51,1,"51"
"814",510880,2.16606498194946,1.743679163034,0.804998546934031,-19.5001453065969,0,1,51,0,"51"
"815",510885,0.357398141529664,0,0,-100,0,1,51,1,"51"
"816",510890,2.67314702308627,0,0,-100,0,1,51,1,"51"
"817",510895,0.121153380179307,0,0,-100,0,1,51,1,"51"
"818",520000,0,0,NA,0,0,1,52,0,"Other"
"819",520110,0.0064939914344253,0,0,-100,0,1,52,1,"Other"
"820",520170,0.0553893873933754,0,0,-100,0,1,52,1,"Other"
"821",520440,0.0663922453857389,0,0,-100,0,1,52,1,"Other"
"822",520870,0.00592498294451338,0.000695779471305011,0.117431472431378,-88.2568527568621,0,1,52,0,"Other"
"823",520920,0,0.0511639805576874,Inf,Inf,1,1,52,0,"Other"
"824",521020,0.0311264668347496,0,0,-100,0,1,52,1,"Other"
"825",521090,0.0685541920888462,0,0,-100,0,1,52,1,"Other"
"826",521250,0.00577573958345366,0,0,-100,0,1,52,1,"Other"
"827",521280,0.0869338433452143,0,0,-100,0,1,52,1,"Other"
"828",521308,0.17500364590929,0,0,-100,0,1,52,1,"Other"
"829",521410,0.256147540983607,0,0,-100,0,1,52,1,"Other"
"830",521483,0.0905797101449275,0,0,-100,0,1,52,1,"Other"
"831",521730,0.0470787627701144,0,0,-100,0,1,52,1,"Other"
"832",521770,0.0583771161704612,0,0,-100,0,1,52,1,"Other"
"833",521880,0.00767984271682116,0,0,-100,0,1,52,1,"Other"
"834",521960,0.445533526397861,0,0,-100,0,1,52,1,"Other"
"835",521980,0.107758620689655,0,0,-100,0,1,52,1,"Other"
"836",522020,0.0405646600681486,0,0,-100,0,1,52,1,"Other"
"837",522045,0.0146873072290926,0,0,-100,0,1,52,1,"Other"
"838",522160,0.0300075018754689,0.023503972171297,0.783269872608471,-21.6730127391529,0,1,52,0,"Other"
"839",522170,0.356353788040767,0,0,-100,0,1,52,1,"Other"
"840",530010,0.000438202685393697,0.000709958013083106,1.62015897379829,62.015897379829,1,1,53,0,"Other"
"841",5e+06,0,0,NA,0,0,1,5,0,"Other"
"842",0,0,0,NA,0,0,1,0,0,"Other"
